thermo_style            custom step etotal ke pe density temp press vol lx ly lz# what to print
thermo                  200 # print every 1000 timesteps
dump                    myDump all xyz 200 Cu-N2\dump.xyz # save coordinates every 1000 timesteps


#Initial relaxation simualtion
timestep		0.005 #to match vibrational period of Cu lattice (0.142ps)

#fix 1 all box/relax iso 0.0 vmax 0.001
#min_style       hftn
minimize        1e-4 1e-6 1000 10000
Neighbor list info ...
  update: every = 1 steps, delay = 0 steps, check = yes
  max neighbors/atom: 2000, page size: 100000
  master list distance cutoff = 17
  ghost atom cutoff = 17
  binsize = 8.5, bins = 31 31 31
  5 neighbor lists, perpetual/occasional/extra = 5 0 0
  (1) pair meam, perpetual, skip from (5)
      attributes: full, newton on
      pair build: skip
      stencil: none
      bin: none
  (2) pair meam, perpetual, half/full from (1)
      attributes: half, newton on
      pair build: halffull/newton/skip
      stencil: none
      bin: none
  (3) pair lj/cut, perpetual, skip from (4)
      attributes: half, newton on
      pair build: skip
      stencil: none
      bin: none
  (4) neighbor class addition, perpetual, half/full from (5)
      attributes: half, newton on
      pair build: halffull/newton
      stencil: none
      bin: none
  (5) neighbor class addition, perpetual
      attributes: full, newton on
      pair build: full/bin
      stencil: full/bin/3d
      bin: standard
Per MPI rank memory allocation (min/avg/max) = 14.58 | 16.08 | 22.05 Mbytes
   Step         TotEng         KinEng         PotEng        Density          Temp          Press          Volume           Lx             Ly             Lz      
         0  -18693.701      0             -18693.701      0.034422533    0             -47.105724      16777216       256            256            256          
         3  -18715.02       0             -18715.02       0.034422533    0             -9.4983323      16777216       256            256            256          
Loop time of 0.355085 on 5 procs for 3 steps with 5473 atoms

23.8% CPU use with 5 MPI tasks x 1 OpenMP threads

Minimization stats:
  Stopping criterion = energy tolerance
  Energy initial, next-to-last, final = 
     -18693.7008615556  -18714.4137323024  -18715.0204455213
  Force two-norm initial, final = 15.128978 1.3623891
  Force max component initial, final = 0.55968935 0.038599545
  Final line search alpha, max atom move = 1 0.038599545
  Iterations, force evaluations = 3 6

MPI task timing breakdown:
Section |  min time  |  avg time  |  max time  |%varavg| %total
---------------------------------------------------------------
Pair    | 0.21364    | 0.24312    | 0.35123    |  11.0 | 68.47
Bond    | 2e-06      | 3.2e-06    | 5e-06      |   0.0 |  0.00
Neigh   | 0          | 0          | 0          |   0.0 |  0.00
Comm    | 0.000725   | 0.082157   | 0.1386     |  22.7 | 23.14
Output  | 0          | 0          | 0          |   0.0 |  0.00
Modify  | 0          | 0          | 0          |   0.0 |  0.00
Other   |            | 0.02981    |            |       |  8.39

Nlocal:         1094.6 ave        5473 max           0 min
Histogram: 4 0 0 0 0 0 0 0 0 1
Nghost:          574.4 ave        1436 max           0 min
Histogram: 3 0 0 0 0 0 0 0 0 2
Neighs:              0 ave           0 max           0 min
Histogram: 5 0 0 0 0 0 0 0 0 0

Total # of neighbors = 0
Ave neighs/atom = 0
Ave special neighs/atom = 0
Neighbor list builds = 0
Dangerous builds = 0

velocity        all create 300 ${seed} mom yes rot yes
velocity        all create 300 12345 mom yes rot yes

fix             Cu_thermostat all nvt temp 300 300 0.1
run             ${Nsteps}
run             5000
Per MPI rank memory allocation (min/avg/max) = 16.03 | 17.49 | 23.19 Mbytes
   Step         TotEng         KinEng         PotEng        Density          Temp          Press          Volume           Lx             Ly             Lz      
         3  -18502.827      212.19345     -18715.02       0.034422533    300            4.010916       16777216       256            256            256          
       200  -18265.747      222.10224     -18487.849      0.034422533    314.00909      1.0447952      16777216       256            256            256          
       400  -18288.355      210.88269     -18499.237      0.034422533    298.14683     -18.364707      16777216       256            256            256          
       600  -18281.364      212.02725     -18493.391      0.034422533    299.76503     -15.052709      16777216       256            256            256          
       800  -18281.087      216.52476     -18497.611      0.034422533    306.12362     -0.212549       16777216       256            256            256          
      1000  -18289.929      207.41692     -18497.346      0.034422533    293.24691      18.576008      16777216       256            256            256          
      1200  -18288.824      213.88809     -18502.713      0.034422533    302.39588      18.986532      16777216       256            256            256          
      1400  -18281.091      216.52409     -18497.615      0.034422533    306.12266     -0.97839357     16777216       256            256            256          
      1600  -18279.491      213.35009     -18492.841      0.034422533    301.63526     -19.650575      16777216       256            256            256          
      1800  -18284.597      210.58219     -18495.179      0.034422533    297.72198     -19.676481      16777216       256            256            256          
      2000  -18285.307      214.99501     -18500.302      0.034422533    303.96085      0.44620876     16777216       256            256            256          
      2200  -18289.23       211.39196     -18500.622      0.034422533    298.86684      15.536507      16777216       256            256            256          
      2400  -18286.959      213.41895     -18500.378      0.034422533    301.73261      18.12677       16777216       256            256            256          
      2600  -18286.206      213.56014     -18499.766      0.034422533    301.93223      0.51995938     16777216       256            256            256          
      2800  -18275.943      216.58764     -18492.531      0.034422533    306.21251     -14.559582      16777216       256            256            256          
      3000  -18282.621      211.48531     -18494.106      0.034422533    298.99882     -10.002076      16777216       256            256            256          
      3200  -18290.223      210.64158     -18500.865      0.034422533    297.80595      2.0307891      16777216       256            256            256          
      3400  -18284.266      214.95186     -18499.218      0.034422533    303.89984      12.051702      16777216       256            256            256          
      3600  -18288.302      211.92325     -18500.225      0.034422533    299.61799      7.1007504      16777216       256            256            256          
      3800  -18283.365      212.56431     -18495.929      0.034422533    300.52432     -4.9954145      16777216       256            256            256          
      4000  -18281.932      211.5817      -18493.514      0.034422533    299.1351      -13.102941      16777216       256            256            256          
      4200  -18285.801      210.16096     -18495.962      0.034422533    297.12645     -8.3713515      16777216       256            256            256          
      4400  -18277.891      217.07838     -18494.969      0.034422533    306.90633      4.6121017      16777216       256            256            256          
      4600  -18287.246      211.33981     -18498.586      0.034422533    298.79311      15.62239       16777216       256            256            256          
      4800  -18281.012      215.26977     -18496.282      0.034422533    304.34931      12.238888      16777216       256            256            256          
      5000  -18283.975      209.98558     -18493.961      0.034422533    296.87849     -0.20454834     16777216       256            256            256          
      5003  -18284.382      209.34207     -18493.724      0.034422533    295.9687       1.525877       16777216       256            256            256          
Loop time of 78.6521 on 5 procs for 5000 steps with 5473 atoms

Performance: 27.463 ns/day, 0.874 hours/ns, 63.571 timesteps/s, 347.925 katom-step/s
95.2% CPU use with 5 MPI tasks x 1 OpenMP threads

MPI task timing breakdown:
Section |  min time  |  avg time  |  max time  |%varavg| %total
---------------------------------------------------------------
Pair    | 74.018     | 74.985     | 76.454     |  11.4 | 95.34
Bond    | 0.000805   | 0.0009178  | 0.001017   |   0.0 |  0.00
Neigh   | 0.4322     | 0.46125    | 0.49698    |   3.4 |  0.59
Comm    | 1.41       | 2.9136     | 3.9015     |  59.4 |  3.70
Output  | 0.04074    | 0.04598    | 0.051101   |   1.7 |  0.06
Modify  | 0.11866    | 0.15254    | 0.1829     |   5.3 |  0.19
Other   |            | 0.09231    |            |       |  0.12

Nlocal:         1094.6 ave        1152 max        1072 min
Histogram: 3 0 0 1 0 0 0 0 0 1
Nghost:           3546 ave        3906 max        3281 min
Histogram: 3 0 0 0 0 0 0 0 0 2
Neighs:              0 ave           0 max           0 min
Histogram: 5 0 0 0 0 0 0 0 0 0

Total # of neighbors = 0
Ave neighs/atom = 0
Ave special neighs/atom = 0
Neighbor list builds = 50
Dangerous builds = 0
#run 100
unfix           Cu_thermostat


#Now including the N2 gas
timestep		0.001 #note faster periodic vibrations from N2 bonds (0.014ps)

#region          Cu_cut sphere 0 0 0 17
#region          n2_gas subtract box Cu_cut
region          n2_gas sphere 0 0 0 27 side out units box

bond_style		harmonic
bond_coeff		1 71.594 1.0977 #updated units to metal
special_bonds   lj/coul 0.0 0.0 1.0
Finding 1-2 1-3 1-4 neighbors ...
  special bond factors lj:    0        0        1       
  special bond factors coul:  0        0        1       
     0 = max # of 1-2 neighbors
     0 = max # of 1-3 neighbors
     1 = max # of special neighbors
  special bonds CPU = 0.001 seconds

molecule		N2molecule Cu-N2\N2mol.data
Read molecule template N2molecule:
# Molecule file for Nitrogen
  1 molecules
  0 fragments
  0 bodies
  2 atoms with max type 2
  1 bonds with max type 1
  0 angles with max type 0
  0 dihedrals with max type 0
  0 impropers with max type 0
create_atoms    0 random 2821 ${seed} n2_gas mol N2molecule ${seed} overlap 2.0 # ensures approximate set pressure, 7 bar, 300K, volume of box - volume of particle
create_atoms    0 random 2821 12345 n2_gas mol N2molecule ${seed} overlap 2.0 
create_atoms    0 random 2821 12345 n2_gas mol N2molecule 12345 overlap 2.0 
Created 5642 atoms
  using lattice units in orthogonal box = (-128 -128 -128) to (128 128 128)
  create_atoms CPU = 0.761 seconds

minimize        1e-4 1e-6 100 1000
WARNING: Using a manybody potential with bonds/angles/dihedrals and special_bond exclusions (src/pair.cpp:250)
Per MPI rank memory allocation (min/avg/max) = 17.34 | 18.79 | 24.46 Mbytes
   Step         TotEng         KinEng         PotEng        Density          Temp          Press          Volume           Lx             Ly             Lz      
      5003  -18284.541      209.34207     -18493.883      0.042244345    145.72078      1.495633       16777216       256            256            256          
      5007  -18485.028      209.34207     -18694.37       0.042244345    145.72078     -50.815258      16777216       256            256            256          
Loop time of 0.0940982 on 5 procs for 4 steps with 11115 atoms

73.1% CPU use with 5 MPI tasks x 1 OpenMP threads

Minimization stats:
  Stopping criterion = energy tolerance
  Energy initial, next-to-last, final = 
     -18493.8826607418  -18693.3903623952   -18694.370423183
  Force two-norm initial, final = 51.125637 11.189326
  Force max component initial, final = 1.801732 2.4449526
  Final line search alpha, max atom move = 0.024167325 0.059087964
  Iterations, force evaluations = 4 5

MPI task timing breakdown:
Section |  min time  |  avg time  |  max time  |%varavg| %total
---------------------------------------------------------------
Pair    | 0.085517   | 0.086245   | 0.087289   |   0.2 | 91.65
Bond    | 3.9e-05    | 5.68e-05   | 7.4e-05    |   0.0 |  0.06
Neigh   | 0          | 0          | 0          |   0.0 |  0.00
Comm    | 0.001941   | 0.0029638  | 0.003614   |   1.3 |  3.15
Output  | 0          | 0          | 0          |   0.0 |  0.00
Modify  | 0          | 0          | 0          |   0.0 |  0.00
Other   |            | 0.004832   |            |       |  5.14

Nlocal:           2223 ave        2511 max        1852 min
Histogram: 2 0 0 0 0 0 0 0 1 2
Nghost:           4505 ave        4620 max        4413 min
Histogram: 2 0 1 0 0 0 0 0 0 2
Neighs:              0 ave           0 max           0 min
Histogram: 5 0 0 0 0 0 0 0 0 0

Total # of neighbors = 0
Ave neighs/atom = 0
Ave special neighs/atom = 0.50760234
Neighbor list builds = 0
Dangerous builds = 0

group           copper type 1
5473 atoms in group copper
group           nitrogen type 2
5642 atoms in group nitrogen

#delete_atoms    overlap 1.5 nitrogen copper units box## instead of minimise?
velocity        nitrogen create 300 ${seed} mom yes rot yes
velocity        nitrogen create 300 12345 mom yes rot yes

#Continued minimisation
fix             CuN2_thermostat all nvt temp 300 300 0.1
run             ${Nsteps}
run             5000
WARNING: Using a manybody potential with bonds/angles/dihedrals and special_bond exclusions (src/pair.cpp:250)
Per MPI rank memory allocation (min/avg/max) = 16.28 | 17.73 | 23.4 Mbytes
   Step         TotEng         KinEng         PotEng        Density          Temp          Press          Volume           Lx             Ly             Lz      
      5007  -18266.281      428.08901     -18694.37       0.042244345    297.98819     -36.888784      16777216       256            256            256          
      5200  -18204.455      333.23856     -18537.694      0.042244345    231.9638       13.812127      16777216       256            256            256          
      5400  -18132.461      451.48756     -18583.948      0.042244345    314.27567      53.166721      16777216       256            256            256          
      5600  -18108.494      418.03107     -18526.525      0.042244345    290.98697      35.520596      16777216       256            256            256          
      5800  -18135.192      439.56679     -18574.759      0.042244345    305.97774     -0.61188702     16777216       256            256            256          
      6000  -18111.531      422.13369     -18533.665      0.042244345    293.84275     -23.542679      16777216       256            256            256          
      6200  -18117.77       444.68404     -18562.454      0.042244345    309.53981     -9.2110127      16777216       256            256            256          
      6400  -18129.235      416.90861     -18546.144      0.042244345    290.20563      10.51497       16777216       256            256            256          
      6600  -18118.044      439.61106     -18557.655      0.042244345    306.00856      34.852507      16777216       256            256            256          
      6800  -18126.938      427.45806     -18554.396      0.042244345    297.54899      45.032189      16777216       256            256            256          
      7000  -18123.952      429.46837     -18553.42       0.042244345    298.94834      7.4422194      16777216       256            256            256          
      7200  -18117.464      434.40279     -18551.867      0.042244345    302.38314     -27.290989      16777216       256            256            256          
      7400  -18121.519      424.3319      -18545.851      0.042244345    295.37291     -17.257148      16777216       256            256            256          
      7600  -18124.374      436.66769     -18561.041      0.042244345    303.95972      21.044119      16777216       256            256            256          
      7800  -18123.557      425.53394     -18549.091      0.042244345    296.20963      41.403974      16777216       256            256            256          
      8000  -18126.636      436.62607     -18563.262      0.042244345    303.93074      36.631367      16777216       256            256            256          
      8200  -18124.493      422.27321     -18546.766      0.042244345    293.93987     -0.53853008     16777216       256            256            256          
      8400  -18119.835      440.44905     -18560.284      0.042244345    306.59188     -16.607144      16777216       256            256            256          
      8600  -18120.862      423.11659     -18543.978      0.042244345    294.52694     -15.350723      16777216       256            256            256          
      8800  -18128.484      438.18687     -18566.67       0.042244345    305.0172       15.513286      16777216       256            256            256          
      9000  -18123.344      423.05669     -18546.401      0.042244345    294.48524      47.796733      16777216       256            256            256          
      9200  -18128.437      436.46428     -18564.901      0.042244345    303.81812      30.33247       16777216       256            256            256          
      9400  -18124.094      423.74813     -18547.842      0.042244345    294.96655     -6.2602815      16777216       256            256            256          
      9600  -18118.852      441.60515     -18560.457      0.042244345    307.39663     -19.344625      16777216       256            256            256          
      9800  -18128.104      418.40958     -18546.514      0.042244345    291.25044     -10.267962      16777216       256            256            256          
     10000  -18122.892      442.42481     -18565.316      0.042244345    307.96719      24.766569      16777216       256            256            256          
     10007  -18122.979      442.09492     -18565.074      0.042244345    307.73755      26.14747       16777216       256            256            256          
Loop time of 85.7682 on 5 procs for 5000 steps with 11115 atoms

Performance: 5.037 ns/day, 4.765 hours/ns, 58.297 timesteps/s, 647.967 katom-step/s
94.3% CPU use with 5 MPI tasks x 1 OpenMP threads

MPI task timing breakdown:
Section |  min time  |  avg time  |  max time  |%varavg| %total
---------------------------------------------------------------
Pair    | 79.781     | 80.849     | 82.352     |  11.6 | 94.26
Bond    | 0.024055   | 0.032971   | 0.039814   |   4.0 |  0.04
Neigh   | 1.0886     | 1.0939     | 1.099      |   0.4 |  1.28
Comm    | 1.7992     | 3.2855     | 4.345      |  56.9 |  3.83
Output  | 0.090452   | 0.10195    | 0.11383    |   2.6 |  0.12
Modify  | 0.22443    | 0.25233    | 0.27018    |   3.7 |  0.29
Other   |            | 0.1526     |            |       |  0.18

Nlocal:           2223 ave        2520 max        1831 min
Histogram: 2 0 0 0 0 0 0 0 2 1
Nghost:         4559.8 ave        4707 max        4429 min
Histogram: 1 0 1 0 1 0 1 0 0 1
Neighs:              0 ave           0 max           0 min
Histogram: 5 0 0 0 0 0 0 0 0 0

Total # of neighbors = 0
Ave neighs/atom = 0
Ave special neighs/atom = 0.50760234
Neighbor list builds = 100
Dangerous builds = 0
unfix           CuN2_thermostat

#N2 equilibrium with thermostat on nano particle
fix             CuN2_equlib all npt temp 300 300 0.1 iso 7.0 7.0 5.0
#fix             Cu_thermostat copper nvt temp 300 300 0.1

run             $(v_Nsteps*20)
run             100000
WARNING: Using a manybody potential with bonds/angles/dihedrals and special_bond exclusions (src/pair.cpp:250)
Per MPI rank memory allocation (min/avg/max) = 16.29 | 17.74 | 23.4 Mbytes
   Step         TotEng         KinEng         PotEng        Density          Temp          Press          Volume           Lx             Ly             Lz      
     10007  -18122.979      442.09492     -18565.074      0.042244345    307.73755      26.14747       16777216       256            256            256          
     10200  -18131.699      419.5488      -18551.248      0.042153059    292.04344      30.419602      16813549       256.18466      256.18466      256.18466    
     10400  -18120.869      441.12277     -18561.992      0.041900546    307.06085      5.6376076      16914875       256.69826      256.69826      256.69826    
     10600  -18126.753      423.81495     -18550.568      0.041691475    295.01306     -10.316669      16999699       257.12664      257.12664      257.12664    
     10800  -18121.247      439.46518     -18560.712      0.041622219    305.90702      2.3036281      17027985       257.26917      257.26917      257.26917    
     11000  -18130.3        423.51617     -18553.816      0.041593548    294.80508      25.777804      17039722       257.32827      257.32827      257.32827    
     11200  -18125.463      433.16832     -18558.632      0.041456721    301.52384      27.124095      17095961       257.61106      257.61106      257.61106    
     11400  -18123.518      427.17045     -18550.689      0.041238407    297.34879      1.1558262      17186467       258.06486      258.06486      258.06486    
     11600  -18134.045      424.94735     -18558.993      0.04109466     295.80131     -1.8493167      17246584       258.36541      258.36541      258.36541    
     11800  -18121.127      431.8539      -18552.981      0.041037036    300.60889      8.9539863      17270802       258.48628      258.48628      258.48628    
     12000  -18128.81       431.83556     -18560.646      0.040981299    300.59612      15.662366      17294291       258.60341      258.60341      258.60341    
     12200  -18124.039      431.49804     -18555.537      0.04086594     300.36117      17.511363      17343110       258.84652      258.84652      258.84652    
     12400  -18124.682      433.89274     -18558.574      0.040693657    302.0281       3.8232965      17416535       259.21129      259.21129      259.21129    
     12600  -18126.629      427.55961     -18554.189      0.040566461    297.61968      2.3765261      17471144       259.48193      259.48193      259.48193    
     12800  -18120.166      436.23438     -18556.4        0.040492949    303.65809      7.7157638      17502862       259.63886      259.63886      259.63886    
     13000  -18127.558      428.60977     -18556.168      0.040415298    298.35068      14.534456      17536491       259.80504      259.80504      259.80504    
     13200  -18124.138      433.45948     -18557.598      0.040300103    301.72652      18.464574      17586618       260.05234      260.05234      260.05234    
     13400  -18125.431      431.30016     -18556.732      0.040142803    300.22343      3.8254683      17655531       260.39158      260.39158      260.39158    
     13600  -18127.332      428.56096     -18555.893      0.040026933    298.31671      0.55312436     17706640       260.64259      260.64259      260.64259    
     13800  -18122.717      433.06038     -18555.778      0.03996668     301.44871      12.469514      17733335       260.77351      260.77351      260.77351    
     14000  -18126.931      429.10715     -18556.038      0.039897781    298.6969       16.62847       17763958       260.92353      260.92353      260.92353    
     14200  -18124.633      435.43334     -18560.066      0.039789537    303.1005       13.963668      17812283       261.15992      261.15992      261.15992    
     14400  -18121.981      432.683       -18554.664      0.039648896    301.18602      5.3438058      17875466       261.46835      261.46835      261.46835    
     14600  -18127.366      431.02532     -18558.391      0.039536509    300.03212      0.43752862     17926280       261.71587      261.71587      261.71587    
     14800  -18120.8        432.62823     -18553.428      0.039484369    301.14789      7.6882619      17949952       261.83102      261.83102      261.83102    
     15000  -18132.062      428.19521     -18560.257      0.039431664    298.06211      13.132537      17973944       261.94762      261.94762      261.94762    
     15200  -18122.923      432.083       -18555.006      0.039336813    300.76836      13.701677      18017283       262.15799      262.15799      262.15799    
     15400  -18128.239      430.05314     -18558.292      0.039212893    299.3554       12.189635      18074221       262.43386      262.43386      262.43386    
     15600  -18124.606      428.34248     -18552.948      0.039107704    298.16462     -3.0702058      18122836       262.66894      262.66894      262.66894    
     15800  -18124.555      435.98849     -18560.544      0.039063081    303.48693      7.3392709      18143538       262.76892      262.76892      262.76892    
     16000  -18128.931      427.48995     -18556.421      0.039015996    297.57118      18.512809      18165434       262.87458      262.87458      262.87458    
     16200  -18121.619      441.1416      -18562.761      0.038916012    307.07395      15.112986      18212105       263.09952      263.09952      263.09952    
     16400  -18132.436      423.56929     -18556.005      0.038793098    294.84206      2.8606227      18269809       263.3771       263.3771       263.3771     
     16600  -18122.561      435.38824     -18557.949      0.038709379    303.06911     -0.68135676     18309323       263.56683      263.56683      263.56683    
     16800  -18128.247      425.39564     -18553.642      0.038682295    296.11336      11.363541      18322142       263.62833      263.62833      263.62833    
     17000  -18129.829      432.33537     -18562.164      0.038640497    300.94403      21.960416      18341961       263.72335      263.72335      263.72335    
     17200  -18125.191      427.08868     -18552.279      0.038523915    297.29187      8.3806442      18397468       263.98911      263.98911      263.98911    
     17400  -18126.583      434.94338     -18561.526      0.038403288    302.75944      1.1739238      18455256       264.26523      264.26523      264.26523    
     17600  -18128.387      427.58126     -18555.969      0.038345209    297.63475      1.8568665      18483209       264.39858      264.39858      264.39858    
     17800  -18124.49       436.49352     -18560.984      0.038329849    303.83848      12.493306      18490616       264.4339       264.4339       264.4339     
     18000  -18130.384      425.74862     -18556.133      0.038273781    296.35907      17.69144       18517703       264.56296      264.56296      264.56296    
     18200  -18120.56       439.29502     -18559.855      0.038156175    305.78857      12.284894      18574779       264.83449      264.83449      264.83449    
     18400  -18127.601      429.14967     -18556.751      0.038055863    298.7265      -1.8066391      18623740       265.06698      265.06698      265.06698    
     18600  -18127.36       431.57037     -18558.93       0.038025229    300.41152      4.6830237      18638744       265.13815      265.13815      265.13815    
     18800  -18127.292      430.32281     -18557.614      0.037999028    299.54311      16.573883      18651596       265.19907      265.19907      265.19907    
     19000  -18134.092      427.31958     -18561.412      0.037922028    297.45259      18.502697      18689467       265.37844      265.37844      265.37844    
     19200  -18123.742      432.88492     -18556.627      0.037813481    301.32657      2.9163207      18743117       265.63213      265.63213      265.63213    
     19400  -18131.682      427.0362      -18558.718      0.037739331    297.25534     -4.4850185      18779943       265.80599      265.80599      265.80599    
     19600  -18125.981      432.52778     -18558.509      0.03772068     301.07797      13.390975      18789229       265.84979      265.84979      265.84979    
     19800  -18128.896      431.20295     -18560.099      0.03768272     300.15576      17.419631      18808157       265.93903      265.93903      265.93903    
     20000  -18128.272      431.27081     -18559.542      0.037597076    300.203        5.7832288      18851001       266.14081      266.14081      266.14081    
     20200  -18123.351      433.5726      -18556.924      0.037502222    301.80526      3.6587172      18898681       266.365        266.365        266.365      
     20400  -18128.853      430.58441     -18559.438      0.037439471    299.72521      3.3916684      18930356       266.51373      266.51373      266.51373    
     20600  -18124.569      431.93985     -18556.509      0.037421726    300.66872      13.0046        18939332       266.55585      266.55585      266.55585    
     20800  -18127.318      431.50135     -18558.819      0.037376372    300.36348      9.7390946      18962314       266.66362      266.66362      266.66362    
     21000  -18129.546      431.2974      -18560.843      0.037295781    300.22151      10.083372      19003289       266.85556      266.85556      266.85556    
     21200  -18122.221      436.38001     -18558.601      0.037214413    303.75946      10.435691      19044839       267.04991      267.04991      267.04991    
     21400  -18133.754      425.8332      -18559.588      0.037159088    296.41794      2.1761441      19073194       267.18238      267.18238      267.18238    
     21600  -18125.392      436.12871     -18561.52       0.037130991    303.58453      7.5065296      19087627       267.24975      267.24975      267.24975    
     21800  -18130.35       426.90166     -18557.252      0.037079276    297.16168      14.937176      19114249       267.37394      267.37394      267.37394    
     22000  -18128.072      434.58813     -18562.661      0.036996613    302.51216      9.935837       19156957       267.57293      267.57293      267.57293    
     22200  -18126.53       431.10847     -18557.638      0.036928497    300.09        -0.52618653     19192292       267.73734      267.73734      267.73734    
     22400  -18130.953      430.19218     -18561.146      0.03688603     299.45218      1.7778767      19214388       267.84005      267.84005      267.84005    
     22600  -18127.936      430.22015     -18558.156      0.036856599    299.47165      15.115963      19229732       267.91133      267.91133      267.91133    
     22800  -18126.798      435.14952     -18561.947      0.03680161     302.90293      14.743313      19258465       268.0447       268.0447       268.0447     
     23000  -18129.686      426.94579     -18556.632      0.036722993    297.1924       2.9868514      19299693       268.23584      268.23584      268.23584    
     23200  -18125.583      434.83345     -18560.417      0.036659431    302.68292      4.2170116      19333156       268.39078      268.39078      268.39078    
     23400  -18125.97       429.30186     -18555.272      0.036616413    298.83244      12.444187      19355869       268.49584      268.49584      268.49584    
     23600  -18132.103      430.45527     -18562.558      0.03657796     299.63532      8.2451223      19376218       268.58989      268.58989      268.58989    
     23800  -18123.476      435.70813     -18559.184      0.036535646    303.29177      8.9092567      19398658       268.69354      268.69354      268.69354    
     24000  -18128.697      431.28394     -18559.981      0.036466649    300.21214      6.5076379      19435362       268.8629       268.8629       268.8629     
     24200  -18125.347      431.58802     -18556.935      0.036410831    300.42381      12.894951      19465156       269.00022      269.00022      269.00022    
     24400  -18123.485      432.9307      -18556.416      0.036356657    301.35844      4.6581396      19494160       269.13376      269.13376      269.13376    
     24600  -18131.554      428.43045     -18559.985      0.036315014    298.22586      2.4177917      19516515       269.2366       269.2366       269.2366     
     24800  -18123.478      436.01099     -18559.489      0.0362783      303.50259      15.124679      19536266       269.32739      269.32739      269.32739    
     25000  -18136.981      424.79401     -18561.775      0.036218181    295.69457      9.8723341      19568694       269.47633      269.47633      269.47633    
     25200  -18126.171      434.00418     -18560.175      0.036155603    302.10568      2.7921344      19602564       269.63171      269.63171      269.63171    
     25400  -18129.271      429.6182      -18558.89       0.036107539    299.05264      3.5754019      19628657       269.75129      269.75129      269.75129    
     25600  -18128.183      433.56786     -18561.751      0.036073712    301.80196      10.350746      19647063       269.83558      269.83558      269.83558    
     25800  -18125.938      432.01637     -18557.954      0.036037219    300.72198      12.992239      19666959       269.92663      269.92663      269.92663    
     26000  -18131.186      428.29806     -18559.485      0.03597234     298.13371      8.1155872      19702430       270.08881      270.08881      270.08881    
     26200  -18119.527      439.28548     -18558.812      0.035899837    305.78193      0.64822167     19742221       270.27051      270.27051      270.27051    
     26400  -18127.127      429.43735     -18556.565      0.035864925    298.92675      9.7359366      19761438       270.35818      270.35818      270.35818    
     26600  -18129.339      434.05282     -18563.391      0.03584163     302.13953      8.521077       19774282       270.41674      270.41674      270.41674    
     26800  -18127.72       429.97982     -18557.7        0.03580649     299.30436      11.560866      19793688       270.50517      270.50517      270.50517    
     27000  -18126.519      434.16056     -18560.68       0.035739834    302.21453      10.080535      19830604       270.67324      270.67324      270.67324    
     27200  -18130.952      428.57199     -18559.524      0.03567273     298.32438      1.4617467      19867908       270.84285      270.84285      270.84285    
     27400  -18126.345      434.5207      -18560.865      0.035647567    302.46522      6.5775142      19881932       270.90656      270.90656      270.90656    
     27600  -18130.241      426.73601     -18556.977      0.035622632    297.04638      9.9141253      19895849       270.96976      270.96976      270.96976    
     27800  -18125.844      435.40312     -18561.247      0.035573455    303.07946      11.166646      19923353       271.09457      271.09457      271.09457    
     28000  -18127.505      429.41471     -18556.92       0.035512497    298.91099      7.7753727      19957552       271.24959      271.24959      271.24959    
     28200  -18130.683      429.92629     -18560.61       0.035465479    299.2671       2.4619256      19984010       271.36941      271.36941      271.36941    
     28400  -18125.903      430.44672     -18556.35       0.035444175    299.62936      8.0787723      19996022       271.42376      271.42376      271.42376    
     28600  -18137.456      425.91351     -18563.369      0.03541431     296.47384      11.7024        20012885       271.50004      271.50004      271.50004    
     28800  -18128.375      429.88213     -18558.257      0.035358528    299.23635      9.6109382      20044457       271.64274      271.64274      271.64274    
     29000  -18128.675      430.20014     -18558.875      0.035297757    299.45772      3.30889        20078967       271.79854      271.79854      271.79854    
     29200  -18131.579      429.36644     -18560.945      0.035260528    298.87739      4.0409305      20100167       271.89417      271.89417      271.89417    
     29400  -18123.517      435.37689     -18558.894      0.035244098    303.0612       9.4834376      20109537       271.93641      271.93641      271.93641    
     29600  -18135.257      424.34914     -18559.607      0.035214482    295.3849       12.521314      20126450       272.01262      272.01262      272.01262    
     29800  -18128.245      434.48354     -18562.729      0.035155581    302.43935      5.7124742      20160171       272.16445      272.16445      272.16445    
     30000  -18128.07       430.66585     -18558.736      0.035104124    299.7819       3.9393213      20189722       272.29737      272.29737      272.29737    
     30200  -18137.246      423.54679     -18560.793      0.035073388    294.8264       5.0678698      20207415       272.37689      272.37689      272.37689    
     30400  -18126.588      432.1862      -18558.775      0.035052924    300.84019      9.656037       20219212       272.42988      272.42988      272.42988    
     30600  -18132.427      428.56594     -18560.993      0.035015929    298.32017      10.187188      20240574       272.52579      272.52579      272.52579    
     30800  -18125.153      435.11612     -18560.269      0.034960623    302.87969      5.9898909      20272594       272.66942      272.66942      272.66942    
     31000  -18128.135      434.32739     -18562.463      0.034917336    302.33066      3.2330938      20297726       272.78205      272.78205      272.78205    
     31200  -18130.339      427.97046     -18558.309      0.03490097     297.90566      7.4621352      20307244       272.82468      272.82468      272.82468    
     31400  -18126.964      433.03345     -18559.997      0.034879432    301.42996      11.151602      20319783       272.88083      272.88083      272.88083    
     31600  -18134.598      426.90097     -18561.499      0.034828593    297.1612       5.1005239      20349444       273.01354      273.01354      273.01354    
     31800  -18125.162      432.17573     -18557.338      0.034776948    300.83291      7.4583828      20379664       273.14862      273.14862      273.14862    
     32000  -18128.772      432.31609     -18561.089      0.034743025    300.93061      4.0981954      20399562       273.23749      273.23749      273.23749    
     32200  -18129.977      433.1445      -18563.122      0.03473196     301.50726      9.9433211      20406061       273.2665       273.2665       273.2665     
     32400  -18129.511      429.1732      -18558.684      0.03470033     298.74288      9.0382305      20424662       273.34951      273.34951      273.34951    
     32600  -18129.331      429.90409     -18559.235      0.034649702    299.25164      5.6697185      20454505       273.48257      273.48257      273.48257    
     32800  -18126.581      432.01102     -18558.592      0.034611193    300.71825      5.5684503      20477263       273.58396      273.58396      273.58396    
     33000  -18132.405      426.73277     -18559.138      0.034584226    297.04413      6.0954787      20493230       273.65505      273.65505      273.65505    
     33200  -18126.644      432.55558     -18559.2        0.034559511    301.09732      11.988283      20507886       273.72027      273.72027      273.72027    
     33400  -18127.783      431.26202     -18559.045      0.03451988     300.19689      8.8205646      20531430       273.82498      273.82498      273.82498    
     33600  -18131.788      429.28852     -18561.076      0.03447647     298.82315      4.0561483      20557282       273.93986      273.93986      273.93986    
     33800  -18118.875      439.32952     -18558.205      0.034447739    305.81259      4.1067636      20574427       274.016        274.016        274.016      
     34000  -18129.791      430.61397     -18560.405      0.034427281    299.74579      10.039908      20586654       274.07026      274.07026      274.07026    
     34200  -18129.672      430.74662     -18560.419      0.034396556    299.83812      9.8831512      20605043       274.15184      274.15184      274.15184    
     34400  -18123.534      435.9371      -18559.472      0.034356365    303.45116      7.4739566      20629147       274.25871      274.25871      274.25871    
     34600  -18132.334      424.73078     -18557.065      0.034316095    295.65056      5.5128924      20653356       274.36595      274.36595      274.36595    
     34800  -18126.261      432.5335      -18558.794      0.03428993     301.08195      7.1641628      20669115       274.43571      274.43571      274.43571    
     35000  -18137.736      423.21064     -18560.946      0.034269079    294.5924       8.7816618      20681691       274.49136      274.49136      274.49136    
     35200  -18128.554      429.8176      -18558.372      0.034240691    299.19144      8.4758055      20698838       274.5672       274.5672       274.5672     
     35400  -18128.983      430.42957     -18559.412      0.034203167    299.61743      7.5157397      20721546       274.66757      274.66757      274.66757    
     35600  -18135.353      427.37343     -18562.726      0.03417203     297.49008      5.0149888      20740427       274.75097      274.75097      274.75097    
     35800  -18125.369      435.95088     -18561.32       0.03415194     303.46075      6.7232444      20752628       274.80483      274.80483      274.80483    
     36000  -18132.235      427.94129     -18560.176      0.034123078    297.88536      7.7304568      20770181       274.88229      274.88229      274.88229    
     36200  -18121.223      438.02879     -18559.251      0.034085643    304.90716      7.3197201      20792992       274.98288      274.98288      274.98288    
     36400  -18134.334      426.53084     -18560.865      0.034053393    296.90356      6.9754511      20812684       275.06966      275.06966      275.06966    
     36600  -18126.388      434.11601     -18560.504      0.034031242    302.18351      5.1404681      20826231       275.12933      275.12933      275.12933    
     36800  -18132.585      427.53611     -18560.122      0.034010827    297.60332      9.1221491      20838732       275.18437      275.18437      275.18437    
     37000  -18132.255      429.04214     -18561.297      0.033982363    298.65165      12.142327      20856187       275.26118      275.26118      275.26118    
     37200  -18127.412      432.28902     -18559.702      0.033944352    300.91177      5.235572       20879542       275.36389      275.36389      275.36389    
     37400  -18135.278      424.55742     -18559.835      0.033919832    295.52988      6.0990095      20894635       275.43022      275.43022      275.43022    
     37600  -18129.419      432.38044     -18561.799      0.033900398    300.97541      8.908894       20906613       275.48285      275.48285      275.48285    
     37800  -18130.442      429.80838     -18560.25       0.033874856    299.18502      9.7592763      20922377       275.55207      275.55207      275.55207    
     38000  -18133.221      430.30822     -18563.529      0.033844305    299.53295      5.2906446      20941263       275.63495      275.63495      275.63495    
     38200  -18126.083      432.14414     -18558.228      0.033816964    300.81092      4.167862       20958194       275.70922      275.70922      275.70922    
     38400  -18132.236      433.28981     -18565.526      0.033800189    301.60841      9.1867516      20968596       275.75482      275.75482      275.75482    
     38600  -18124.675      434.74685     -18559.422      0.033780133    302.62264      11.334603      20981046       275.80939      275.80939      275.80939    
     38800  -18129.187      431.72684     -18560.914      0.033745026    300.52044      4.307853       21002873       275.905        275.905        275.905      
     39000  -18131.485      430.45789     -18561.943      0.033714058    299.63714      2.1818564      21022165       275.98945      275.98945      275.98945    
     39200  -18124.608      434.13837     -18558.746      0.033696125    302.19908      10.10242       21033353       276.0384       276.0384       276.0384     
     39400  -18136.111      429.81801     -18565.929      0.033678486    299.19172      7.5174655      21044370       276.08659      276.08659      276.08659    
     39600  -18128.197      432.09591     -18560.293      0.03365749     300.77735      6.3360465      21057498       276.14398      276.14398      276.14398    
     39800  -18131.507      431.05715     -18562.564      0.033628354    300.05428      6.1660684      21075742       276.22371      276.22371      276.22371    
     40000  -18127.938      430.87946     -18558.817      0.033607049    299.93059      11.179693      21089103       276.28207      276.28207      276.28207    
     40200  -18129.79       434.04374     -18563.834      0.033590956    302.13321      9.3298752      21099207       276.32618      276.32618      276.32618    
     40400  -18132.241      428.24771     -18560.489      0.033563172    298.09866      1.8497154      21116673       276.40241      276.40241      276.40241    
     40600  -18127.59       435.10832     -18562.699      0.033541312    302.87425      10.470448      21130435       276.46245      276.46245      276.46245    
     40800  -18130.939      430.74656     -18561.686      0.033515988    299.83808      8.6940278      21146401       276.53206      276.53206      276.53206    
     41000  -18130.52       429.24073     -18559.761      0.033500128    298.78989      2.8824083      21156412       276.57569      276.57569      276.57569    
     41200  -18124.169      435.04557     -18559.214      0.033488967    302.83057      7.859178       21163463       276.60641      276.60641      276.60641    
     41400  -18134.227      428.92095     -18563.148      0.033462595    298.56729      9.6841007      21180142       276.67906      276.67906      276.67906    
     41600  -18126.967      432.85631     -18559.823      0.033438873    301.30665      10.172297      21195167       276.74447      276.74447      276.74447    
     41800  -18138.274      424.44964     -18562.724      0.03341583     295.45486      1.3907553      21209783       276.80807      276.80807      276.80807    
     42000  -18129.089      434.13566     -18563.225      0.033402931    302.1972       5.6024287      21217974       276.84369      276.84369      276.84369    
     42200  -18130.818      433.24882     -18564.067      0.033389271    301.57987      12.242549      21226654       276.88144      276.88144      276.88144    
     42400  -18138.73       426.60884     -18565.338      0.033365642    296.95786      6.0398282      21241687       276.94679      276.94679      276.94679    
     42600  -18126.823      432.11739     -18558.94       0.033345016    300.7923       0.17652684     21254826       277.00388      277.00388      277.00388    
     42800  -18133.171      424.76967     -18557.94       0.03333441     295.67763      9.8799926      21261588       277.03325      277.03325      277.03325    
     43000  -18127.676      434.83452     -18562.511      0.033323675    302.68367      13.869738      21268438       277.063        277.063        277.063      
     43200  -18130.864      431.12541     -18561.99       0.033303852    300.10179      4.31933        21281097       277.11796      277.11796      277.11796    
     43400  -18131.759      430.65948     -18562.419      0.033279268    299.77746      1.093185       21296818       277.18618      277.18618      277.18618    
     43600  -18119.624      439.55268     -18559.176      0.033265756    305.96792      8.7470533      21305468       277.2237       277.2237       277.2237     
     43800  -18132.041      429.28615     -18561.327      0.033258037    298.8215       10.644619      21310413       277.24515      277.24515      277.24515    
     44000  -18130.653      432.79349     -18563.446      0.033246826    301.26293      3.3598382      21317599       277.27631      277.27631      277.27631    
     44200  -18130.898      429.02165     -18559.919      0.033230738    298.63739      6.1386937      21327919       277.32105      277.32105      277.32105    
     44400  -18137.989      427.73721     -18565.726      0.033211095    297.7433       8.3052359      21340534       277.37571      277.37571      277.37571    
     44600  -18127.264      432.73296     -18559.997      0.033199918    301.22079      9.172857       21347719       277.40683      277.40683      277.40683    
     44800  -18134.502      430.56088     -18565.063      0.033188893    299.70883      4.5491519      21354810       277.43755      277.43755      277.43755    
     45000  -18126.931      435.06354     -18561.995      0.033172306    302.84308      7.5584293      21365488       277.48378      277.48378      277.48378    
     45200  -18129.178      434.52449     -18563.702      0.033154368    302.46786      11.641077      21377048       277.53382      277.53382      277.53382    
     45400  -18134.468      427.3972      -18561.865      0.033139673    297.50663      4.8977936      21386527       277.57483      277.57483      277.57483    
     45600  -18126.483      435.11355     -18561.596      0.033134068    302.8779       2.3119777      21390145       277.59048      277.59048      277.59048    
     45800  -18135.645      428.66743     -18564.313      0.033127681    298.39082      8.6925129      21394269       277.60832      277.60832      277.60832    
     46000  -18132.875      429.75886     -18562.634      0.033113207    299.15055      13.736808      21403620       277.64876      277.64876      277.64876    
     46200  -18130.175      431.10878     -18561.284      0.033088011    300.09022      2.6544395      21419919       277.71922      277.71922      277.71922    
     46400  -18139.01       427.10985     -18566.12       0.033078207    297.3066       1.2412009      21426267       277.74666      277.74666      277.74666    
     46600  -18129.914      431.18381     -18561.098      0.033078462    300.14244      10.121482      21426102       277.74594      277.74594      277.74594    
     46800  -18137.472      427.17124     -18564.644      0.033069656    297.34933      9.0523854      21431808       277.77059      277.77059      277.77059    
     47000  -18134.249      431.30714     -18565.556      0.033060722    300.22829      7.5548701      21437599       277.79561      277.79561      277.79561    
     47200  -18130.785      431.87723     -18562.662      0.033044374    300.62513      3.7243343      21448205       277.84142      277.84142      277.84142    
     47400  -18137.084      427.40421     -18564.489      0.033037576    297.51151      10.74618       21452618       277.86047      277.86047      277.86047    
     47600  -18128.885      433.96067     -18562.846      0.033033639    302.07539      10.99805       21455175       277.87151      277.87151      277.87151    
     47800  -18132.743      429.67373     -18562.417      0.033019831    299.09129      4.1391377      21464147       277.91024      277.91024      277.91024    
     48000  -18134.272      430.58935     -18564.861      0.033008324    299.72864      4.862281       21471630       277.94253      277.94253      277.94253    
     48200  -18129.422      433.42495     -18562.847      0.033002113    301.70248      8.6034578      21475670       277.95996      277.95996      277.95996    
     48400  -18141.277      421.6576      -18562.935      0.032999096    293.51135      5.5599187      21477634       277.96843      277.96843      277.96843    
     48600  -18131.286      432.26569     -18563.552      0.033001013    300.89553      7.1414416      21476387       277.96305      277.96305      277.96305    
     48800  -18134.211      431.24725     -18565.458      0.032986094    300.18661      8.0436295      21486100       278.00495      278.00495      278.00495    
     49000  -18132.102      429.30514     -18561.407      0.03297254     298.83472      6.6869569      21494932       278.04304      278.04304      278.04304    
     49200  -18131.493      431.8107      -18563.304      0.032971135    300.57882      7.8142519      21495848       278.04699      278.04699      278.04699    
     49400  -18134.225      429.51374     -18563.739      0.032966464    298.97993      4.4341689      21498894       278.06012      278.06012      278.06012    
     49600  -18125.684      437.61583     -18563.3        0.03296799     304.6197       10.009956      21497898       278.05583      278.05583      278.05583    
     49800  -18137.271      427.09682     -18564.367      0.032960866    297.29753      9.8963042      21502545       278.07586      278.07586      278.07586    
     50000  -18130.467      432.33501     -18562.802      0.032951044    300.94378      3.7530484      21508955       278.10349      278.10349      278.10349    
     50200  -18132.389      431.54095     -18563.93       0.032952322    300.39105      7.4368264      21508120       278.09989      278.09989      278.09989    
     50400  -18133.742      432.02294     -18565.765      0.032944556    300.72655      6.6408435      21513191       278.12174      278.12174      278.12174    
     50600  -18132.885      430.05233     -18562.937      0.032937916    299.35484      10.36709       21517527       278.14043      278.14043      278.14043    
     50800  -18134.067      430.1662      -18564.233      0.032933496    299.4341       6.8853332      21520415       278.15287      278.15287      278.15287    
     51000  -18131.375      431.77769     -18563.153      0.032931729    300.55584      6.0673672      21521570       278.15785      278.15785      278.15785    
     51200  -18131.721      432.65888     -18564.38       0.032932802    301.16922      8.6566105      21520869       278.15483      278.15483      278.15483    
     51400  -18137.923      425.96489     -18563.888      0.032925276    296.50961      8.949706       21525788       278.17602      278.17602      278.17602    
     51600  -18132.708      429.52974     -18562.238      0.032915267    298.99106      2.3470089      21532334       278.20421      278.20421      278.20421    
     51800  -18135.722      429.44446     -18565.167      0.03292188     298.9317       7.8809354      21528008       278.18558      278.18558      278.18558    
     52000  -18138.713      428.98056     -18567.694      0.032920496    298.60879      9.5679733      21528914       278.18948      278.18948      278.18948    
     52200  -18130.865      432.66158     -18563.526      0.03291327     301.1711       8.4561693      21533640       278.20984      278.20984      278.20984    
     52400  -18138.046      428.61287     -18566.659      0.032904757    298.35284      5.304483       21539211       278.23383      278.23383      278.23383    
     52600  -18133.323      430.30935     -18563.632      0.032907197    299.53374      2.4887138      21537614       278.22695      278.22695      278.22695    
     52800  -18131.694      435.02535     -18566.72       0.032926137    302.8165       11.200014      21525225       278.17359      278.17359      278.17359    
     53000  -18137.415      428.05594     -18565.47       0.032922741    297.96516      9.7697541      21527445       278.18316      278.18316      278.18316    
     53200  -18132.432      430.49496     -18562.927      0.032902907    299.66294      2.2456189      21540422       278.23904      278.23904      278.23904    
     53400  -18133.584      430.74437     -18564.328      0.032899041    299.83655      4.242761       21542954       278.24994      278.24994      278.24994    
     53600  -18133.88       430.7979      -18564.678      0.032910209    299.87382      7.1474218      21535643       278.21846      278.21846      278.21846    
     53800  -18133.315      430.86031     -18564.175      0.032927285    299.91726      10.894666      21524475       278.17036      278.17036      278.17036    
     54000  -18136.371      429.86709     -18566.238      0.032921578    299.22589      6.9063199      21528206       278.18643      278.18643      278.18643    
     54200  -18130.75       433.07057     -18563.82       0.032906675    301.4558       4.7009708      21537956       278.22842      278.22842      278.22842    
     54400  -18134.003      431.544       -18565.547      0.032911777    300.39317      5.7142882      21534617       278.21405      278.21405      278.21405    
     54600  -18136.364      427.124       -18563.488      0.032930627    297.31645      8.466134       21522290       278.16095      278.16095      278.16095    
     54800  -18132.667      433.7297      -18566.397      0.032938628    301.91461      9.3657518      21517062       278.13842      278.13842      278.13842    
     55000  -18142.713      424.44675     -18567.16       0.032930132    295.45285      9.1349673      21522614       278.16234      278.16234      278.16234    
     55200  -18132.134      432.92571     -18565.059      0.032921695    301.35496      5.5344138      21528129       278.1861       278.1861       278.1861     
     55400  -18136.515      428.97836     -18565.493      0.032934315    298.60725      3.8979354      21519880       278.15057      278.15057      278.15057    
     55600  -18134.707      431.08405     -18565.791      0.032960195    300.073        9.2330418      21502983       278.07775      278.07775      278.07775    
     55800  -18132.958      434.3151      -18567.273      0.032964441    302.3221       8.9371176      21500213       278.06581      278.06581      278.06581    
     56000  -18138.05       428.9897      -18567.04       0.032955253    298.61515      8.4120986      21506208       278.09165      278.09165      278.09165    
     56200  -18134.34       431.01574     -18565.356      0.032948588    300.02545      1.9123609      21510558       278.1104       278.1104       278.1104     
     56400  -18134.973      428.99315     -18563.966      0.032964869    298.61755      4.5232421      21499934       278.0646       278.0646       278.0646     
     56600  -18135.573      431.33896     -18566.912      0.032988738    300.25044      12.273471      21484378       277.99752      277.99752      277.99752    
     56800  -18135.941      431.70749     -18567.649      0.032989225    300.50697      6.8228601      21484061       277.99616      277.99616      277.99616    
     57000  -18135.055      433.38019     -18568.435      0.032989376    301.67132      4.3588057      21483962       277.99573      277.99573      277.99573    
     57200  -18133.159      430.35178     -18563.511      0.032995885    299.56328      5.9271008      21479724       277.97745      277.97745      277.97745    
     57400  -18141.18       428.15636     -18569.337      0.033009353    298.03507      9.133652       21470960       277.93964      277.93964      277.93964    
     57600  -18129.495      434.81902     -18564.314      0.033023405    302.67287      10.777567      21461824       277.90021      277.90021      277.90021    
     57800  -18137.603      429.80248     -18567.406      0.033023148    299.18091      4.2931723      21461991       277.90093      277.90093      277.90093    
     58000  -18133.593      429.8711      -18563.464      0.033031356    299.22868      6.2404978      21456658       277.87791      277.87791      277.87791    
     58200  -18131.438      436.42236     -18567.861      0.033046807    303.78894      8.5871124      21446626       277.8346       277.8346       277.8346     
     58400  -18136.861      429.00243     -18565.864      0.033057979    298.62401      4.6073458      21439378       277.8033       277.8033       277.8033     
     58600  -18134.01       435.14282     -18569.152      0.033073898    302.89827      5.8418936      21429059       277.75872      277.75872      277.75872    
     58800  -18141.129      425.18692     -18566.316      0.033081084    295.96807      8.5867573      21424404       277.73861      277.73861      277.73861    
     59000  -18132.884      434.06892     -18566.952      0.033087325    302.15074      8.9028256      21420363       277.72114      277.72114      277.72114    
     59200  -18134.808      435.55359     -18570.362      0.033092709    303.1842       5.6523792      21416878       277.70608      277.70608      277.70608    
     59400  -18138.447      427.26518     -18565.713      0.033101607    297.41473      3.9726711      21411121       277.6812       277.6812       277.6812     
     59600  -18135.906      432.24828     -18568.154      0.033127889    300.88341      10.290016      21394134       277.60774      277.60774      277.60774    
     59800  -18137.994      430.91436     -18568.908      0.033148194    299.95488      9.6288186      21381029       277.55105      277.55105      277.55105    
     60000  -18137.041      431.02627     -18568.067      0.033150582    300.03278      5.7676444      21379489       277.54438      277.54438      277.54438    
     60200  -18133.798      433.47534     -18567.274      0.033150591    301.73755      5.4631046      21379484       277.54436      277.54436      277.54436    
     60400  -18141.683      426.01872     -18567.702      0.033163847    296.54708      4.1099906      21370938       277.50737      277.50737      277.50737    
     60600  -18130.807      436.52871     -18567.335      0.033200249    303.86297      11.322239      21347506       277.40591      277.40591      277.40591    
     60800  -18139.743      428.14922     -18567.892      0.033214966    298.0301       11.613615      21338047       277.36493      277.36493      277.36493    
     61000  -18132.675      433.5468      -18566.221      0.033207006    301.7873       4.851809       21343162       277.38709      277.38709      277.38709    
     61200  -18136.957      430.36346     -18567.32       0.033215668    299.5714       4.6393733      21337596       277.36298      277.36298      277.36298    
     61400  -18136.556      433.1994      -18569.756      0.033247536    301.54547      4.6131942      21317144       277.27434      277.27434      277.27434    
     61600  -18134.391      431.61104     -18566.002      0.033282631    300.43983      12.698132      21294666       277.17684      277.17684      277.17684    
     61800  -18141.296      428.84811     -18570.144      0.03328719     298.51658      8.625321       21291750       277.16419      277.16419      277.16419    
     62000  -18133.058      433.89652     -18566.955      0.033281392    302.03073      2.3444829      21295458       277.18028      277.18028      277.18028    
     62200  -18136.321      431.15388     -18567.475      0.033299557    300.12161      3.5982905      21283842       277.12987      277.12987      277.12987    
     62400  -18140.877      429.25689     -18570.134      0.033342374    298.80113      8.9914955      21256510       277.0112       277.0112       277.0112     
     62600  -18130.924      436.51872     -18567.443      0.033377784    303.85601      14.279181      21233960       276.9132       276.9132       276.9132     
     62800  -18138.782      431.4466      -18570.228      0.033381899    300.32537      5.3100856      21231342       276.90182      276.90182      276.90182    
     63000  -18137.657      429.04626     -18566.703      0.0333773      298.65452      4.3149291      21234267       276.91454      276.91454      276.91454    
     63200  -18129.986      435.75016     -18565.737      0.033395539    303.32103      3.8882939      21222670       276.86412      276.86412      276.86412    
     63400  -18140.854      428.73413     -18569.588      0.033438857    298.43725      7.9675572      21195177       276.74451      276.74451      276.74451    
     63600  -18134.233      436.19316     -18570.426      0.033469372    303.6294       10.646554      21175853       276.66038      276.66038      276.66038    
     63800  -18144.529      425.05883     -18569.588      0.033472148    295.87891      9.9993519      21174097       276.65274      276.65274      276.65274    
     64000  -18137.087      432.25556     -18569.342      0.033473983    300.88848      6.6835591      21172936       276.64768      276.64768      276.64768    
     64200  -18137.572      428.87893     -18566.451      0.033496832    298.53804     -0.71959201     21158494       276.58476      276.58476      276.58476    
     64400  -18137.531      430.9582      -18568.489      0.033543503    299.9854       12.406872      21129054       276.45642      276.45642      276.45642    
     64600  -18143.083      427.52269     -18570.605      0.033563339    297.59398      12.689514      21116567       276.40195      276.40195      276.40195    
     64800  -18133.376      435.61435     -18568.99       0.033557633    303.22649      5.1883771      21120158       276.41762      276.41762      276.41762    
     65000  -18141.177      426.52181     -18567.699      0.033562183    296.89728     -1.5841         21117295       276.40513      276.40513      276.40513    
     65200  -18142.777      426.14278     -18568.919      0.033600353    296.63344      5.7725031      21093306       276.30042      276.30042      276.30042    
     65400  -18134.207      432.77776     -18566.985      0.033646101    301.25198      16.937429      21064625       276.17514      276.17514      276.17514    
     65600  -18144.281      428.39978     -18572.681      0.033655683    298.20451      7.2619254      21058628       276.14892      276.14892      276.14892    
     65800  -18136.066      432.52004     -18568.586      0.033652493    301.07258      4.0185807      21060624       276.15765      276.15765      276.15765    
     66000  -18139.371      428.74078     -18568.112      0.033665665    298.44188      4.2211316      21052384       276.12163      276.12163      276.12163    
     66200  -18142.186      428.44724     -18570.633      0.033706859    298.23755      11.80067       21026655       276.0091       276.0091       276.0091     
     66400  -18134.016      434.1159      -18568.132      0.033737264    302.18344      6.952516       21007705       275.92616      275.92616      275.92616    
     66600  -18144.388      428.04308     -18572.431      0.033744863    297.95622      6.1728585      21002975       275.90544      275.90544      275.90544    
     66800  -18139.049      432.15371     -18571.203      0.033747408    300.81758      7.2732467      21001391       275.89851      275.89851      275.89851    
     67000  -18139.231      432.7475      -18571.978      0.033768349    301.23091      5.4269532      20988367       275.84147      275.84147      275.84147    
     67200  -18143.825      427.45363     -18571.279      0.0338044      297.54591      5.8344635      20965984       275.74337      275.74337      275.74337    
     67400  -18138.575      434.73142     -18573.306      0.033828786    302.6119       7.536256       20950870       275.6771       275.6771       275.6771     
     67600  -18140.088      431.74177     -18571.83       0.033835383    300.53084      12.978098      20946785       275.65918      275.65918      275.65918    
     67800  -18144.993      427.75719     -18572.75       0.033838137    297.75721      4.601661       20945081       275.6517       275.6517       275.6517     
     68000  -18137.993      430.01979     -18568.013      0.033860139    299.33218     -0.10998676     20931471       275.59198      275.59198      275.59198    
     68200  -18144.719      428.36379     -18573.083      0.033893691    298.17946      8.3426827      20910750       275.50102      275.50102      275.50102    
     68400  -18142.824      427.76369     -18570.588      0.033918857    297.76173      16.983282      20895235       275.43286      275.43286      275.43286    
     68600  -18140.154      430.27944     -18570.433      0.033924428    299.51292      7.3188686      20891804       275.41779      275.41779      275.41779    
     68800  -18141.108      431.6507      -18572.759      0.033927063    300.46744     -1.8133035      20890181       275.41065      275.41065      275.41065    
     69000  -18142.883      428.1759      -18571.059      0.033948975    298.04867      10.21746       20876698       275.35139      275.35139      275.35139    
     69200  -18134.925      436.19669     -18571.122      0.033975471    303.63186      11.130969      20860418       275.27979      275.27979      275.27979    
     69400  -18146.28       423.01985     -18569.3        0.033999432    294.4596       7.18117        20845716       275.21511      275.21511      275.21511    
     69600  -18138.877      433.73398     -18572.611      0.034004855    301.91759      1.7856182      20842392       275.20048      275.20048      275.20048    
     69800  -18143.63       425.63304     -18569.263      0.034011923    296.27861      9.5669947      20838060       275.18141      275.18141      275.18141    
     70000  -18140.943      432.95142     -18573.895      0.034034787    301.37286      9.4557362      20824062       275.11978      275.11978      275.11978    
     70200  -18139.652      432.19576     -18571.848      0.034063184    300.84685      3.4292802      20806702       275.04331      275.04331      275.04331    
     70400  -18143.21       430.32636     -18573.536      0.034076485    299.54558      6.9987464      20798580       275.00752      275.00752      275.00752    
     70600  -18131.557      437.05902     -18568.616      0.034075529    304.23211      12.094718      20799164       275.01009      275.01009      275.01009    
     70800  -18142.199      431.34042     -18573.54       0.03407696     300.25146      3.4540879      20798290       275.00624      275.00624      275.00624    
     71000  -18140.724      432.90019     -18573.624      0.034102446    301.3372       2.8534311      20782747       274.93771      274.93771      274.93771    
     71200  -18138.54       432.69943     -18571.239      0.034127465    301.19745      9.4319531      20767511       274.87051      274.87051      274.87051    
     71400  -18147.275      427.66339     -18574.938      0.034141013    297.69192      11.990582      20759270       274.83415      274.83415      274.83415    
     71600  -18139.2        433.4017      -18572.601      0.034144712    301.68629      8.090641       20757021       274.82422      274.82422      274.82422    
     71800  -18140.651      433.65974     -18574.311      0.034142367    301.86591     -1.2237364      20758447       274.83052      274.83052      274.83052    
     72000  -18143.717      429.28081     -18572.998      0.034161945    298.81778      5.8974359      20746550       274.778        274.778        274.778      
     72200  -18138.481      433.94393     -18572.425      0.034188       302.06374      14.395614      20730739       274.70818      274.70818      274.70818    
     72400  -18147.293      426.2261      -18573.519      0.034194157    296.69143      7.3353027      20727006       274.69169      274.69169      274.69169    
     72600  -18140.432      434.3419      -18574.774      0.034193904    302.34076      3.039496       20727160       274.69237      274.69237      274.69237    
     72800  -18139.997      433.54412     -18573.541      0.034198068    301.78543      6.7046709      20724636       274.68122      274.68122      274.68122    
     73000  -18144.69       428.47114     -18573.161      0.034218405    298.25418      9.2616177      20712319       274.62679      274.62679      274.62679    
     73200  -18136.948      433.09712     -18570.045      0.034247517    301.47428      11.305163      20694712       274.54896      274.54896      274.54896    
     73400  -18145.778      427.96451     -18573.743      0.034249622    297.90152      4.4399768      20693440       274.54333      274.54333      274.54333    
     73600  -18143.184      429.26021     -18572.444      0.034243582    298.80345      8.9051486      20697090       274.55947      274.55947      274.55947    
     73800  -18141.797      435.47377     -18577.271      0.034250719    303.12864      9.0746797      20692778       274.5404       274.5404       274.5404     
     74000  -18143.578      430.63502     -18574.213      0.034273849    299.76044      3.5686783      20678813       274.47863      274.47863      274.47863    
     74200  -18135.271      439.05045     -18574.322      0.034300475    305.61833      8.1196223      20662761       274.40759      274.40759      274.40759    
     74400  -18146.653      428.1144      -18574.768      0.034301993    298.00586      12.438604      20661846       274.40354      274.40354      274.40354    
     74600  -18140.791      434.38073     -18575.172      0.034294451    302.36778      7.6793111      20666390       274.42365      274.42365      274.42365    
     74800  -18147.867      426.1973      -18574.065      0.034301376    296.67139     -1.0351874      20662218       274.40518      274.40518      274.40518    
     75000  -18145.326      431.07374     -18576.4        0.034325007    300.06582      7.1463588      20647993       274.3422       274.3422       274.3422     
     75200  -18141.46       433.37401     -18574.834      0.034341123    301.66702      15.355746      20638303       274.29928      274.29928      274.29928    
     75400  -18152.965      423.10652     -18576.072      0.034341629    294.51993      7.0016287      20637999       274.29793      274.29793      274.29793    
     75600  -18144.557      430.25789     -18574.815      0.034341446    299.49792      0.1984368      20638109       274.29842      274.29842      274.29842    
     75800  -18143.778      431.18166     -18574.96       0.034348684    300.14095      4.9950644      20633760       274.27915      274.27915      274.27915    
     76000  -18151.59       423.93127     -18575.521      0.03437393     295.09403      14.002923      20618606       274.21199      274.21199      274.21199    
     76200  -18140.572      434.64583     -18575.218      0.034390931    302.55232      8.0888185      20608413       274.16679      274.16679      274.16679    
     76400  -18146.655      427.75147     -18574.407      0.034382377    297.75323      3.0175757      20613540       274.18953      274.18953      274.18953    
     76600  -18142.422      433.23034     -18575.652      0.034371375    301.56702      6.3674863      20620138       274.21878      274.21878      274.21878    
     76800  -18141.722      431.45377     -18573.176      0.034387473    300.33036      9.2861754      20610485       274.17598      274.17598      274.17598    
     77000  -18148.121      430.39174     -18578.512      0.034423316    299.59109      6.0442294      20589025       274.08079      274.08079      274.08079    
     77200  -18140.737      433.0648      -18573.802      0.034446716    301.45178      11.891177      20575039       274.01871      274.01871      274.01871    
     77400  -18143.971      430.62664     -18574.597      0.034428511    299.7546       8.1838243      20585918       274.067        274.067        274.067      
     77600  -18145.292      429.61951     -18574.911      0.03441925     299.05355      4.5016905      20591457       274.09158      274.09158      274.09158    
     77800  -18138.641      436.90172     -18575.543      0.034441058    304.12262      1.4850665      20578419       274.03372      274.03372      274.03372    
     78000  -18145.179      431.47196     -18576.651      0.034468188    300.34302      8.010531       20562222       273.9618       273.9618       273.9618     
     78200  -18145.412      430.70731     -18576.119      0.034479483    299.81076      17.633788      20555486       273.93188      273.93188      273.93188    
     78400  -18140.286      432.91341     -18573.199      0.034461364    301.3464       4.8310297      20566293       273.97988      273.97988      273.97988    
     78600  -18148.982      426.62663     -18575.608      0.034459068    296.97024     -4.5332646      20567663       273.98597      273.98597      273.98597    
     78800  -18141.105      436.33973     -18577.445      0.03449817     303.73143      10.696569      20544351       273.88241      273.88241      273.88241    
     79000  -18145.566      430.03151     -18575.598      0.034518223    299.34034      14.445235      20532416       273.82936      273.82936      273.82936    
     79200  -18144.127      432.11921     -18576.246      0.034507521    300.79357      5.8915599      20538784       273.85767      273.85767      273.85767    
     79400  -18142.85       430.76068     -18573.611      0.034487753    299.84791      0.16150298     20550556       273.90998      273.90998      273.90998    
     79600  -18149.348      426.96804     -18576.316      0.034489525    297.20789      2.1010316      20549500       273.90529      273.90529      273.90529    
     79800  -18142.211      434.25443     -18576.466      0.034527296    302.27987      14.630048      20527020       273.80538      273.80538      273.80538    
     80000  -18149.59       427.53548     -18577.125      0.03454516     297.60288      10.818491      20516405       273.75817      273.75817      273.75817    
     80200  -18139.041      433.67628     -18572.717      0.034531182    301.87742      1.9399645      20524711       273.79511      273.79511      273.79511    
     80400  -18145.631      431.40213     -18577.033      0.034517887    300.29441      6.3498374      20532615       273.83025      273.83025      273.83025    
     80600  -18145.481      429.69193     -18575.173      0.034523821    299.10396      6.7329369      20529086       273.81456      273.81456      273.81456    
     80800  -18136.605      437.59061     -18574.196      0.034547608    304.60215      8.1469276      20514952       273.75171      273.75171      273.75171    
     81000  -18148.426      431.91674     -18580.343      0.034550816    300.65263      5.4037133      20513047       273.74323      273.74323      273.74323    
     81200  -18144.57       431.67445     -18576.245      0.034538683    300.48397      10.498631      20520253       273.77528      273.77528      273.77528    
     81400  -18143.974      430.19198     -18574.166      0.034533619    299.45204      8.4123004      20523262       273.78866      273.78866      273.78866    
     81600  -18145.449      433.02665     -18578.475      0.034544339    301.42523      2.2926581      20516893       273.76034      273.76034      273.76034    
     81800  -18147.719      428.26477     -18575.984      0.034557305    298.11053      8.2944025      20509195       273.7261       273.7261       273.7261     
     82000  -18149.637      428.85988     -18578.497      0.034556958    298.52478      13.521174      20509401       273.72701      273.72701      273.72701    
     82200  -18144.369      432.07115     -18576.44       0.034543743    300.76011      8.0692394      20517247       273.76191      273.76191      273.76191    
     82400  -18149.667      429.74314     -18579.41       0.034530153    299.13961     -2.3903613      20525322       273.79782      273.79782      273.79782    
     82600  -18142.83       433.46855     -18576.299      0.034538947    301.73283      7.3943904      20520096       273.77459      273.77459      273.77459    
     82800  -18147.649      432.08315     -18579.732      0.03455106     300.76847      11.909565      20512902       273.74259      273.74259      273.74259    
     83000  -18148.048      430.77364     -18578.822      0.034558154    299.85693      8.2257849      20508691       273.72385      273.72385      273.72385    
     83200  -18144.343      433.62085     -18577.964      0.034548968    301.83884      5.0260259      20514144       273.74811      273.74811      273.74811    
     83400  -18156.202      424.30148     -18580.504      0.034529696    295.35173      6.4410276      20525593       273.79903      273.79903      273.79903    
     83600  -18146.294      431.97087     -18578.265      0.034528382    300.69031      8.2515503      20526375       273.80251      273.80251      273.80251    
     83800  -18147.556      429.12483     -18576.681      0.034535666    298.70921      1.9883751      20522046       273.78326      273.78326      273.78326    
     84000  -18145.247      432.598       -18577.845      0.034540792    301.12685      7.8424059      20519000       273.76971      273.76971      273.76971    
     84200  -18144.474      431.46446     -18575.938      0.034529549    300.3378       12.546314      20525681       273.79942      273.79942      273.79942    
     84400  -18152.138      426.82833     -18578.966      0.034511984    297.11064      5.4244016      20536128       273.84586      273.84586      273.84586    
     84600  -18141.549      433.34638     -18574.895      0.034505999    301.64779      0.13581693     20539690       273.86169      273.86169      273.86169    
     84800  -18149.144      429.81191     -18578.956      0.034517878    299.18748      9.2010217      20532621       273.83028      273.83028      273.83028    
     85000  -18143.007      435.46269     -18578.47       0.034520621    303.12092      14.178532      20530989       273.82302      273.82302      273.82302    
     85200  -18142.73       434.85592     -18577.586      0.03449925     302.69856      4.9819395      20543707       273.87955      273.87955      273.87955    
     85400  -18148.687      429.65162     -18578.339      0.034470534    299.07591      0.20288665     20560822       273.95558      273.95558      273.95558    
     85600  -18141.371      433.00435     -18574.376      0.03446336     301.4097       5.4309602      20565102       273.97459      273.97459      273.97459    
     85800  -18150.832      428.09077     -18578.923      0.03448539     297.98941      10.531054      20551964       273.91624      273.91624      273.91624    
     86000  -18147.556      432.37937     -18579.935      0.034495919    300.97466      11.584592      20545692       273.88837      273.88837      273.88837    
     86200  -18147.758      431.02449     -18578.783      0.034457363    300.03154      7.5915092      20568681       273.99048      273.99048      273.99048    
     86400  -18152.606      425.91242     -18578.519      0.03441228     296.47308      3.2783613      20595628       274.11008      274.11008      274.11008    
     86600  -18147.196      431.28994     -18578.486      0.034414418    300.21632      3.2384382      20594348       274.10441      274.10441      274.10441    
     86800  -18149.63       432.1581      -18581.788      0.034443514    300.82064      9.1776676      20576951       274.0272       274.0272       274.0272     
     87000  -18153.487      428.12272     -18581.61       0.034440222    298.01165      16.52361       20578918       274.03593      274.03593      274.03593    
     87200  -18146.046      432.92912     -18578.975      0.034385489    301.35734      4.8545616      20611674       274.18125      274.18125      274.18125    
     87400  -18150.494      426.55885     -18577.053      0.034348804    296.92306     -1.2378702      20633688       274.27883      274.27883      274.27883    
     87600  -18139.953      437.91083     -18577.864      0.034364639    304.82505      3.9345659      20624180       274.23669      274.23669      274.23669    
     87800  -18149.951      429.50616     -18579.457      0.034391316    298.97465      16.961392      20608182       274.16577      274.16577      274.16577    
     88000  -18149.064      430.61139     -18579.676      0.034362601    299.74399      12.013757      20625403       274.24211      274.24211      274.24211    
     88200  -18138.222      437.81872     -18576.041      0.034300582    304.76093      0.27700119     20662696       274.4073       274.4073       274.4073     
     88400  -18148.094      430.52271     -18578.617      0.034280321    299.68226     -0.53252792     20674908       274.46135      274.46135      274.46135    
     88600  -18147.648      432.56425     -18580.212      0.034311461    301.10335      9.2010397      20656145       274.3783       274.3783       274.3783     
     88800  -18150.53       429.35782     -18579.887      0.034326988    298.87139      16.819793      20646801       274.33692      274.33692      274.33692    
     89000  -18152.067      428.9504      -18581.018      0.034283011    298.58779      8.5545413      20673286       274.45417      274.45417      274.45417    
     89200  -18143.336      436.11145     -18579.448      0.034227773    303.57252     -0.54072183     20706650       274.60174      274.60174      274.60174    
     89400  -18149.027      430.72013     -18579.747      0.034220208    299.81968      0.4997677      20711228       274.62197      274.62197      274.62197    
     89600  -18149.12       432.30702     -18581.427      0.034248697    300.9243       12.193405      20693999       274.5458       274.5458       274.5458     
     89800  -18148.074      430.68939     -18578.763      0.034247805    299.79829      15.620297      20694538       274.54819      274.54819      274.54819    
     90000  -18144.189      434.67693     -18578.866      0.034206154    302.57396      6.2668495      20719737       274.65958      274.65958      274.65958    
     90200  -18153.017      426.02923     -18579.046      0.034165432    296.55439     -0.21377137     20744433       274.76865      274.76865      274.76865    
     90400  -18142.667      438.05741     -18580.724      0.034163875    304.92708      3.776228       20745378       274.77283      274.77283      274.77283    
     90600  -18148.886      428.88564     -18577.772      0.034187307    298.54271      13.703086      20731160       274.71004      274.71004      274.71004    
     90800  -18152.639      428.96158     -18581.601      0.03417706     298.59557      10.239357      20737375       274.73749      274.73749      274.73749    
     91000  -18141.963      436.84213     -18578.805      0.034135172    304.08114      5.0235768      20762822       274.84982      274.84982      274.84982    
     91200  -18149.974      428.89225     -18578.866      0.034105797    298.54732      3.65192        20780705       274.92871      274.92871      274.92871    
     91400  -18146.035      430.65527     -18576.69       0.034110615    299.77453      2.4899571      20777770       274.91576      274.91576      274.91576    
     91600  -18149.482      431.02724     -18580.509      0.034134523    300.03346      11.125233      20763217       274.85157      274.85157      274.85157    
     91800  -18152.611      430.40189     -18583.013      0.034124129    299.59816      12.953419      20769541       274.87947      274.87947      274.87947    
     92000  -18144.071      436.20564     -18580.276      0.034084181    303.63809      5.9872499      20793884       274.98682      274.98682      274.98682    
     92200  -18156.156      425.36918     -18581.525      0.034066007    296.09494      1.2439645      20804977       275.03571      275.03571      275.03571    
     92400  -18147.422      431.71402     -18579.136      0.034077388    300.51152      6.0075176      20798029       275.00509      275.00509      275.00509    
     92600  -18150.816      431.26985     -18582.085      0.03408876     300.20233      11.199872      20791091       274.9745       274.9745       274.9745     
     92800  -18154.152      427.56516     -18581.717      0.034079355    297.62354      10.655826      20796829       274.9998       274.9998       274.9998     
     93000  -18145.772      433.67174     -18579.444      0.034054899    301.87427      0.45382041     20811764       275.06561      275.06561      275.06561    
     93200  -18152.155      428.57357     -18580.728      0.034053279    298.32548      4.8696878      20812754       275.06997      275.06997      275.06997    
     93400  -18140.302      436.09877     -18576.401      0.034062307    303.5637       10.617992      20807237       275.04567      275.04567      275.04567    
     93600  -18149.548      430.11524     -18579.663      0.034061813    299.39862      5.2514133      20807539       275.047        275.047        275.047      
     93800  -18150.492      431.97274     -18582.464      0.034062746    300.69161      6.9670327      20806969       275.04449      275.04449      275.04449    
     94000  -18141.885      436.29414     -18578.179      0.034054761    303.69969      7.7533134      20811848       275.06598      275.06598      275.06598    
     94200  -18154.275      427.58693     -18581.861      0.034044489    297.63869      5.3152521      20818128       275.09364      275.09364      275.09364    
     94400  -18145.937      432.78372     -18578.72       0.034052824    301.25612      5.5031029      20813032       275.07119      275.07119      275.07119    
     94600  -18156.232      424.74411     -18580.976      0.034068833    295.65984      7.5530449      20803251       275.0281       275.0281       275.0281     
     94800  -18151.508      430.8739      -18582.382      0.034079687    299.92672      10.533788      20796626       274.9989       274.9989       274.9989     
     95000  -18149.163      431.11962     -18580.283      0.034073575    300.09776      10.402568      20800357       275.01535      275.01535      275.01535    
     95200  -18154.652      427.14857     -18581.801      0.034053147    297.33356     -0.44945207     20812834       275.07033      275.07033      275.07033    
     95400  -18145.947      435.50851     -18581.456      0.034066946    303.15282      3.5727815      20804404       275.03318      275.03318      275.03318    
     95600  -18152.701      430.80932     -18583.511      0.034098175    299.88177      11.508784      20785350       274.94919      274.94919      274.94919    
     95800  -18150.907      429.73715     -18580.644      0.034112418    299.13544      9.820616       20776672       274.91092      274.91092      274.91092    
     96000  -18151.174      430.09871     -18581.273      0.034107158    299.38711      8.4668781      20779876       274.92505      274.92505      274.92505    
     96200  -18156.483      425.54146     -18582.025      0.034095054    296.21486      1.4414648      20787253       274.95758      274.95758      274.95758    
     96400  -18148.318      432.47369     -18580.791      0.034118998    301.04032      5.6268458      20772665       274.89325      274.89325      274.89325    
     96600  -18153.054      429.45633     -18582.51       0.034158786    298.93996      12.313238      20748469       274.78647      274.78647      274.78647    
     96800  -18158.975      427.44131     -18586.416      0.034165228    297.53733      7.5667094      20744557       274.7692       274.7692       274.7692     
     97000  -18150.42       433.0131      -18583.434      0.034152584    301.4158       5.6609558      20752237       274.80311      274.80311      274.80311    
     97200  -18148.06       431.22062     -18579.281      0.034154093    300.16807      3.0071924      20751320       274.79906      274.79906      274.79906    
     97400  -18157.562      428.03844     -18585.601      0.034193067    297.95299      5.1865061      20727667       274.69461      274.69461      274.69461    
     97600  -18149.378      431.596       -18580.974      0.034236948    300.42937      10.554383      20701101       274.57721      274.57721      274.57721    
     97800  -18153.074      433.25744     -18586.331      0.03424413     301.58588      12.780637      20696759       274.55801      274.55801      274.55801    
     98000  -18150.025      430.32935     -18580.354      0.03422846     299.54766      1.0919465      20706234       274.5999       274.5999       274.5999     
     98200  -18150.372      429.89907     -18580.271      0.03424476     299.24815      1.7923655      20696379       274.55633      274.55633      274.55633    
     98400  -18154.422      429.42301     -18583.845      0.034286992    298.91677      5.7898291      20670886       274.44355      274.44355      274.44355    
     98600  -18145.299      437.71662     -18583.016      0.034326681    304.68986      15.045657      20646986       274.33774      274.33774      274.33774    
     98800  -18154.207      429.47276     -18583.679      0.034332228    298.9514       8.8146768      20643650       274.32296      274.32296      274.32296    
     99000  -18152.869      431.30282     -18584.172      0.03433214     300.22529      0.51007416     20643703       274.3232       274.3232       274.3232     
     99200  -18144.871      436.44156     -18581.313      0.034360166    303.80231      4.1668632      20626865       274.24859      274.24859      274.24859    
     99400  -18157.407      428.81947     -18586.227      0.0344053      298.49665      10.754216      20599806       274.12862      274.12862      274.12862    
     99600  -18150.329      432.03816     -18582.367      0.03443567     300.73715      11.930152      20581639       274.04801      274.04801      274.04801    
     99800  -18156.569      428.76576     -18585.334      0.03443664     298.45927      2.6124977      20581059       274.04543      274.04543      274.04543    
    100000  -18153.53       426.58568     -18580.115      0.034448503    296.94174      2.7010953      20573971       274.01397      274.01397      274.01397    
    100200  -18151.125      432.70295     -18583.828      0.034491831    301.1999       7.7503042      20548126       273.89919      273.89919      273.89919    
    100400  -18156.336      430.50103     -18586.837      0.034538462    299.66717      9.6742568      20520384       273.77587      273.77587      273.77587    
    100600  -18148.341      432.85582     -18581.197      0.034564565    301.30631      7.8578136      20504887       273.70693      273.70693      273.70693    
    100800  -18158.267      429.52652     -18587.794      0.034572279    298.98882      6.3636964      20500312       273.68657      273.68657      273.68657    
    101000  -18150.564      428.0446      -18578.609      0.034586429    297.95727      5.6550056      20491925       273.64924      273.64924      273.64924    
    101200  -18150.657      435.71499     -18586.372      0.034628751    303.29655      5.8414377      20466881       273.53772      273.53772      273.53772    
    101400  -18156.334      429.49025     -18585.825      0.034671954    298.96357      8.344478       20441378       273.42406      273.42406      273.42406    
    101600  -18148.126      433.60806     -18581.734      0.034695219    301.82994      8.90876        20427671       273.36293      273.36293      273.36293    
    101800  -18156.182      427.59924     -18583.782      0.034711745    297.64726      7.9942505      20417945       273.31954      273.31954      273.31954    
    102000  -18153.59       431.77309     -18585.363      0.034733235    300.55263      2.8694676      20405312       273.26316      273.26316      273.26316    
    102200  -18151.267      431.42583     -18582.693      0.034770919    300.31091      4.5246976      20383197       273.1644       273.1644       273.1644     
    102400  -18159.304      427.50639     -18586.81       0.034810815    297.58263      12.174407      20359837       273.06001      273.06001      273.06001    
    102600  -18150.914      433.79548     -18584.71       0.034829796    301.9604       8.6339616      20348741       273.01039      273.01039      273.01039    
    102800  -18154.772      432.30962     -18587.081      0.034845184    300.92611      1.4720223      20339755       272.9702       272.9702       272.9702     
    103000  -18152.784      431.99369     -18584.778      0.034875411    300.7062       4.6022136      20322126       272.89132      272.89132      272.89132    
    103200  -18146.702      437.91175     -18584.614      0.034910963    304.82569      8.9415253      20301431       272.79865      272.79865      272.79865    
    103400  -18156.338      429.58126     -18585.919      0.034947394    299.02693      10.547655      20280268       272.70383      272.70383      272.70383    
    103600  -18152.759      433.04315     -18585.803      0.034970556    301.43671      4.5312685      20266836       272.6436       272.6436       272.6436     
    103800  -18158.079      428.23325     -18586.312      0.034987983    298.08859      5.5152567      20256741       272.59833      272.59833      272.59833    
    104000  -18154.86       431.38679     -18586.247      0.035011544    300.28374      7.5797911      20243109       272.53717      272.53717      272.53717    
    104200  -18152.693      436.07296     -18588.765      0.0350425      303.54573      7.021612       20225227       272.45689      272.45689      272.45689    
    104400  -18156.487      428.81392     -18585.301      0.035071382    298.49279      4.3975566      20208571       272.38208      272.38208      272.38208    
    104600  -18155.155      430.81078     -18585.966      0.035100887    299.88278      9.6809649      20191584       272.30574      272.30574      272.30574    
    104800  -18152.741      433.58638     -18586.328      0.035118914    301.81485      9.0092754      20181219       272.25914      272.25914      272.25914    
    105000  -18161.553      428.43883     -18589.992      0.035137872    298.2317       1.5256779      20170331       272.21017      272.21017      272.21017    
    105200  -18151.034      433.66843     -18584.702      0.035169988    301.87196      9.8840578      20151912       272.12728      272.12728      272.12728    
    105400  -18156.78       430.25995     -18587.04       0.035185969    299.49935      5.5717003      20142760       272.08608      272.08608      272.08608    
    105600  -18157.073      427.72747     -18584.801      0.035213656    297.73653      10.44777       20126922       272.01475      272.01475      272.01475    
    105800  -18149.01       437.44748     -18586.457      0.035231455    304.50252      3.3413111      20116754       271.96894      271.96894      271.96894    
    106000  -18159.451      430.88473     -18590.336      0.035252807    299.93426      4.2380237      20104570       271.91402      271.91402      271.91402    
    106200  -18153.384      432.84212     -18586.226      0.035281099    301.29677      10.430359      20088448       271.84131      271.84131      271.84131    
    106400  -18161.01       426.48514     -18587.495      0.03529838     296.87175      6.1512747      20078613       271.79694      271.79694      271.79694    
    106600  -18155.55       430.86599     -18586.416      0.035320718    299.92122      7.0924728      20065914       271.73963      271.73963      271.73963    
    106800  -18155.617      431.89185     -18587.509      0.035334122    300.6353       6.5733509      20058302       271.70527      271.70527      271.70527    
    107000  -18157.815      430.49257     -18588.308      0.03534635     299.66128      5.8445465      20051364       271.67393      271.67393      271.67393    
    107200  -18155.18       431.30344     -18586.484      0.035377615    300.22572      6.798013       20033643       271.59388      271.59388      271.59388    
    107400  -18162.73       426.88911     -18589.619      0.03540375     297.15295      8.0978982      20018854       271.52703      271.52703      271.52703    
    107600  -18155.851      432.02294     -18587.874      0.035419223    300.72655      8.204394       20010109       271.48749      271.48749      271.48749    
    107800  -18157.094      434.01643     -18591.11       0.035427621    302.1142       8.4908305      20005366       271.46603      271.46603      271.46603    
    108000  -18160.888      426.99899     -18587.887      0.035433428    297.22944      0.64841723     20002087       271.4512       271.4512       271.4512     
    108200  -18152.618      435.27781     -18587.896      0.03546364     302.99224      7.6049053      19985047       271.3741       271.3741       271.3741     
    108400  -18161.084      426.37787     -18587.462      0.035488549    296.79708      13.157251      19971020       271.31059      271.31059      271.31059    
    108600  -18151.705      437.92963     -18589.635      0.035492742    304.83814      4.6953054      19968660       271.2999       271.2999       271.2999     
    108800  -18163.259      426.9942      -18590.253      0.035501617    297.2261       6.4139714      19963668       271.2773       271.2773       271.2773     
    109000  -18155.752      433.6766      -18589.428      0.035511174    301.87765      3.5582012      19958295       271.25296      271.25296      271.25296    
    109200  -18156.024      433.8234      -18589.847      0.035538023    301.97983      9.0914808      19943217       271.18463      271.18463      271.18463    
    109400  -18163.474      426.36471     -18589.839      0.035558173    296.78792      10.942011      19931915       271.1334       271.1334       271.1334     
    109600  -18154.82       433.45024     -18588.271      0.035554852    301.72008      4.8452987      19933778       271.14184      271.14184      271.14184    
    109800  -18160.979      427.41193     -18588.391      0.035559184    297.51688      6.2537479      19931349       271.13083      271.13083      271.13083    
    110000  -18164.193      425.51485     -18589.708      0.035574726    296.19634      5.7195567      19922642       271.09134      271.09134      271.09134    
    110007  -18163.739      425.54801     -18589.287      0.035575408    296.21942      4.2718014      19922259       271.0896       271.0896       271.0896     
Loop time of 1866.4 on 5 procs for 100000 steps with 11115 atoms

Performance: 4.629 ns/day, 5.184 hours/ns, 53.579 timesteps/s, 595.531 katom-step/s
93.8% CPU use with 5 MPI tasks x 1 OpenMP threads

MPI task timing breakdown:
Section |  min time  |  avg time  |  max time  |%varavg| %total
---------------------------------------------------------------
Pair    | 1649.9     | 1699.3     | 1786.3     | 134.6 | 91.05
Bond    | 0.75804    | 1.0902     | 1.3554     |  25.9 |  0.06
Neigh   | 28.51      | 28.639     | 28.769     |   2.0 |  1.53
Comm    | 29.327     | 115.61     | 164.16     | 512.6 |  6.19
Output  | 1.8031     | 2.0478     | 2.2916     |  12.1 |  0.11
Modify  | 15.647     | 16.158     | 16.694     |  10.2 |  0.87
Other   |            | 3.516      |            |       |  0.19

Nlocal:           2223 ave        2478 max        1874 min
Histogram: 1 1 0 0 0 0 0 0 1 2
Nghost:         4535.6 ave        4709 max        4403 min
Histogram: 2 0 1 0 0 0 0 0 1 1
Neighs:              0 ave           0 max           0 min
Histogram: 5 0 0 0 0 0 0 0 0 0

Total # of neighbors = 0
Ave neighs/atom = 0
Ave special neighs/atom = 0.50760234
Neighbor list builds = 2187
Dangerous builds = 0

unfix           CuN2_equlib
#unfix          Cu_thermostat


#Simulation continues
#fix			    integrator all nve # set up F=ma integration
#run				${Nsteps}


print           "simulation done."
simulation done.
Total wall time: 0:33:52
